,file,society,city,size,secteur,fondation,website
1,/home/anthony/Documents/TD_DATALAKE/DATALAKE/1_LANDING_ZONE/GLASSDOOR/SOC/13558-INFO-SOC-GLASSDOOR-E6162_P1.html,Dassault Systemes,Vélizy,Plus de 10 000 employés, Matériel et logiciels informatiques, 1981,None
2,/home/anthony/Documents/TD_DATALAKE/DATALAKE/1_LANDING_ZONE/GLASSDOOR/SOC/13638-INFO-SOC-GLASSDOOR-E1481570_P1.html,ALTRAD Group,Montpellier,De 1 001 à 5 000 employés, Inconnu, Inconnu,None
3,/home/anthony/Documents/TD_DATALAKE/DATALAKE/1_LANDING_ZONE/GLASSDOOR/SOC/13727-INFO-SOC-GLASSDOOR-E1261010_P1.html,Mixt Composites Recyclables,Tournon-sur-Rhône,Inconnu, Inconnu, Inconnu,None
4,/home/anthony/Documents/TD_DATALAKE/DATALAKE/1_LANDING_ZONE/GLASSDOOR/SOC/13745-INFO-SOC-GLASSDOOR-E3803_P1.html,Capgemini,Paris,Plus de 10 000 employés, Solutions logicielles et réseau d'entreprise, 1967,None
5,/home/anthony/Documents/TD_DATALAKE/DATALAKE/1_LANDING_ZONE/GLASSDOOR/SOC/13679-INFO-SOC-GLASSDOOR-E906809_P1.html,Fortuneo SA,Paris,Entre 201 et 500 employés, Banques et organismes de crédit, 2000,None
6,/home/anthony/Documents/TD_DATALAKE/DATALAKE/1_LANDING_ZONE/GLASSDOOR/SOC/13770-INFO-SOC-GLASSDOOR-E1013306_P1.html,D2SI,Paris,De 51 à 200 employés, Conseils, 2006,None
7,/home/anthony/Documents/TD_DATALAKE/DATALAKE/1_LANDING_ZONE/GLASSDOOR/SOC/13746-INFO-SOC-GLASSDOOR-E589990_P1.html,Capgemini Invent,Courbevoie,De 5 001 à 10 000 employés, Conseils, 2009,None
8,/home/anthony/Documents/TD_DATALAKE/DATALAKE/1_LANDING_ZONE/GLASSDOOR/SOC/13700-INFO-SOC-GLASSDOOR-E1127781_P1.html,CELINE,Paris,De 1 001 à 5 000 employés," Magasins de chaussures, de vêtements et grands magasins", 1945,None
9,/home/anthony/Documents/TD_DATALAKE/DATALAKE/1_LANDING_ZONE/GLASSDOOR/SOC/13563-INFO-SOC-GLASSDOOR-E13082_P1.html,CEGID,Lyon,De 1 001 à 5 000 employés, Solutions logicielles et réseau d'entreprise, 1983,None
10,/home/anthony/Documents/TD_DATALAKE/DATALAKE/1_LANDING_ZONE/GLASSDOOR/SOC/13803-INFO-SOC-GLASSDOOR-E20114_P1.html,Veolia,Paris,Plus de 10 000 employés, Services publics de distribution, 1853,None
11,/home/anthony/Documents/TD_DATALAKE/DATALAKE/1_LANDING_ZONE/GLASSDOOR/SOC/13626-INFO-SOC-GLASSDOOR-E3765_P1.html,BMO Financial Group,"Toronto, ON (Canada)",Plus de 10 000 employés, Banques et organismes de crédit, 1817,None
12,/home/anthony/Documents/TD_DATALAKE/DATALAKE/1_LANDING_ZONE/GLASSDOOR/SOC/13780-INFO-SOC-GLASSDOOR-E35333_P1.html,GFI Group,"New York, NY (États-Unis)",De 1 001 à 5 000 employés, Services de courtage, 1987,None
13,/home/anthony/Documents/TD_DATALAKE/DATALAKE/1_LANDING_ZONE/GLASSDOOR/SOC/13553-INFO-SOC-GLASSDOOR-E5304_P1.html,Atos-Syntel,"Troy, MI (États-Unis)",Plus de 10 000 employés, Services informatiques, 1980,None
14,/home/anthony/Documents/TD_DATALAKE/DATALAKE/1_LANDING_ZONE/GLASSDOOR/SOC/13614-INFO-SOC-GLASSDOOR-E230035_P1.html,SeLoger,Paris,De 501 à 1 000 employés, Édition, 1992,None
15,/home/anthony/Documents/TD_DATALAKE/DATALAKE/1_LANDING_ZONE/GLASSDOOR/SOC/13654-INFO-SOC-GLASSDOOR-E899918_P1.html,ITS Overlap,Nanterre,Entre 201 et 500 employés, Production animale, 2006,None
16,/home/anthony/Documents/TD_DATALAKE/DATALAKE/1_LANDING_ZONE/GLASSDOOR/SOC/13629-INFO-SOC-GLASSDOOR-E474142_P1.html,CRIM (Computer Research Institute of Montreal),"Montréal, QC (Canada)",Inconnu, Recherche et développement, Inconnu,None
17,/home/anthony/Documents/TD_DATALAKE/DATALAKE/1_LANDING_ZONE/GLASSDOOR/SOC/13737-INFO-SOC-GLASSDOOR-E2947949_P1.html,L&T Thales Technology Services,Plus de 10 000 employés, Inconnu, Inconnu, Inconnu,None
18,/home/anthony/Documents/TD_DATALAKE/DATALAKE/1_LANDING_ZONE/GLASSDOOR/SOC/13795-INFO-SOC-GLASSDOOR-E231247_P1.html,ACCEO Solutions,"Montréal, QC (Canada)",De 501 à 1 000 employés, Solutions logicielles et réseau d'entreprise, 1988,None
19,/home/anthony/Documents/TD_DATALAKE/DATALAKE/1_LANDING_ZONE/GLASSDOOR/SOC/13760-INFO-SOC-GLASSDOOR-E1194086_P1.html,Open Sourcing,Paris,De 1 à 50 employés, Recrutement et sous-traitance, 2008,None
20,/home/anthony/Documents/TD_DATALAKE/DATALAKE/1_LANDING_ZONE/GLASSDOOR/SOC/13732-INFO-SOC-GLASSDOOR-E158808_P1.html,Keyrus Group,Levallois-Perret,De 1 001 à 5 000 employés, Services informatiques, 1996,None
21,/home/anthony/Documents/TD_DATALAKE/DATALAKE/1_LANDING_ZONE/GLASSDOOR/SOC/13691-INFO-SOC-GLASSDOOR-E1130973_P1.html,Groupe Adéquat,Lyon,De 501 à 1 000 employés, Recrutement et sous-traitance, 1987,None
22,/home/anthony/Documents/TD_DATALAKE/DATALAKE/1_LANDING_ZONE/GLASSDOOR/SOC/13716-INFO-SOC-GLASSDOOR-E466295_P1.html,Sopra Steria,Annecy-le-Vieux,Plus de 10 000 employés, Services informatiques, 1968,None
23,/home/anthony/Documents/TD_DATALAKE/DATALAKE/1_LANDING_ZONE/GLASSDOOR/SOC/13577-INFO-SOC-GLASSDOOR-E235143_P1.html,UK Ministry of Defence,"Londres, Angleterre (Royaume-Uni)",Plus de 10 000 employés, Organismes fédéraux, 1964,None
24,/home/anthony/Documents/TD_DATALAKE/DATALAKE/1_LANDING_ZONE/GLASSDOOR/SOC/13637-INFO-SOC-GLASSDOOR-E3133104_P1.html,ALTRAN,Hambourg (Allemagne),Inconnu, Inconnu, Inconnu,None
25,/home/anthony/Documents/TD_DATALAKE/DATALAKE/1_LANDING_ZONE/GLASSDOOR/SOC/13619-INFO-SOC-GLASSDOOR-E800152_P1.html,SoLocal Group,Sèvres,De 1 001 à 5 000 employés, Services de télécommunications, Inconnu,None
26,/home/anthony/Documents/TD_DATALAKE/DATALAKE/1_LANDING_ZONE/GLASSDOOR/SOC/13712-INFO-SOC-GLASSDOOR-E3041003_P1.html,Crédit Agricole d'Aquitaine,"Bordeaux, Aquitaine",De 1 001 à 5 000 employés, Inconnu, Inconnu,None
27,/home/anthony/Documents/TD_DATALAKE/DATALAKE/1_LANDING_ZONE/GLASSDOOR/SOC/13807-INFO-SOC-GLASSDOOR-E1260894_P1.html,Groupe NICOLLIN - Groupe VEOLIA,Saint-Fons,Inconnu, Inconnu, Inconnu,None
28,/home/anthony/Documents/TD_DATALAKE/DATALAKE/1_LANDING_ZONE/GLASSDOOR/SOC/13762-INFO-SOC-GLASSDOOR-E253138_P1.html,Artefact Group,"Seattle, WA (États-Unis)",De 51 à 200 employés, Conseils, 2006,None
29,/home/anthony/Documents/TD_DATALAKE/DATALAKE/1_LANDING_ZONE/GLASSDOOR/SOC/13801-INFO-SOC-GLASSDOOR-E736804_P1.html,La Redoute,Roubaix,De 1 001 à 5 000 employés, Autres magasins de détail, Inconnu,None
30,/home/anthony/Documents/TD_DATALAKE/DATALAKE/1_LANDING_ZONE/GLASSDOOR/SOC/13602-INFO-SOC-GLASSDOOR-E3516_P1.html,Volvo Group,Gothenburg (Suède),Plus de 10 000 employés, Fabrication d'équipement de transport, 1927,None
31,/home/anthony/Documents/TD_DATALAKE/DATALAKE/1_LANDING_ZONE/GLASSDOOR/SOC/13622-INFO-SOC-GLASSDOOR-E847875_P1.html,Morgan Philips Executive Search,Luxembourg (Luxembourg),Entre 201 et 500 employés, Recrutement et sous-traitance, 2013,None
32,/home/anthony/Documents/TD_DATALAKE/DATALAKE/1_LANDING_ZONE/GLASSDOOR/SOC/13585-INFO-SOC-GLASSDOOR-E13058_P1.html,Cegedim,Boulogne-Billancourt,De 1 001 à 5 000 employés, Matériel et logiciels informatiques, 1969,None
33,/home/anthony/Documents/TD_DATALAKE/DATALAKE/1_LANDING_ZONE/GLASSDOOR/SOC/13641-INFO-SOC-GLASSDOOR-E28187_P1.html,Altran North America,"New York, NY (États-Unis)",Plus de 10 000 employés, Services de télécommunications, 1991,None
34,/home/anthony/Documents/TD_DATALAKE/DATALAKE/1_LANDING_ZONE/GLASSDOOR/SOC/13615-INFO-SOC-GLASSDOOR-E6538_P1.html,CNH Industrial,"Londres, Angleterre (Royaume-Uni)",Plus de 10 000 employés, Fabrication industrielle, 2013,None
35,/home/anthony/Documents/TD_DATALAKE/DATALAKE/1_LANDING_ZONE/GLASSDOOR/SOC/13612-INFO-SOC-GLASSDOOR-E845851_P1.html,Feu Vert,Écully,De 1 001 à 5 000 employés, Magasins de pièces automobiles et accessoires, 1972,None
36,/home/anthony/Documents/TD_DATALAKE/DATALAKE/1_LANDING_ZONE/GLASSDOOR/SOC/13753-INFO-SOC-GLASSDOOR-E13339_P1.html,Open,Levallois-Perret,De 1 001 à 5 000 employés, Services d'architecture et d'ingénierie, 1989,None
37,/home/anthony/Documents/TD_DATALAKE/DATALAKE/1_LANDING_ZONE/GLASSDOOR/SOC/13787-INFO-SOC-GLASSDOOR-E35333_P1.html,GFI Group,"New York, NY (États-Unis)",De 1 001 à 5 000 employés, Services de courtage, 1987,None
38,/home/anthony/Documents/TD_DATALAKE/DATALAKE/1_LANDING_ZONE/GLASSDOOR/SOC/13603-INFO-SOC-GLASSDOOR-E5772_P1.html,Volvo Trucks,"Greensboro, NC (États-Unis)",De 1 001 à 5 000 employés, Fabrication d'équipement de transport, 1928,None
39,/home/anthony/Documents/TD_DATALAKE/DATALAKE/1_LANDING_ZONE/GLASSDOOR/SOC/13806-INFO-SOC-GLASSDOOR-E2701639_P1.html,Veolia Water Tech,Inconnu, Inconnu, Inconnu, Inconnu,None
40,/home/anthony/Documents/TD_DATALAKE/DATALAKE/1_LANDING_ZONE/GLASSDOOR/SOC/13600-INFO-SOC-GLASSDOOR-E541990_P1.html,CGIAR,Montpellier,De 5 001 à 10 000 employés, Assistance sociale, Inconnu,None
41,/home/anthony/Documents/TD_DATALAKE/DATALAKE/1_LANDING_ZONE/GLASSDOOR/SOC/13711-INFO-SOC-GLASSDOOR-E3043501_P1.html,Crédit Agricole d'Ile de France,Paris,De 1 001 à 5 000 employés, Inconnu, Inconnu,None
42,/home/anthony/Documents/TD_DATALAKE/DATALAKE/1_LANDING_ZONE/GLASSDOOR/SOC/13779-INFO-SOC-GLASSDOOR-E33451_P1.html,GFI Software,"Austin, TX (États-Unis)",De 51 à 200 employés, Matériel et logiciels informatiques, 1992,None
43,/home/anthony/Documents/TD_DATALAKE/DATALAKE/1_LANDING_ZONE/GLASSDOOR/SOC/13692-INFO-SOC-GLASSDOOR-E929611_P1.html,Teads,Luxembourg (Luxembourg),De 501 à 1 000 employés, Publicité et marketing, 2011,None
44,/home/anthony/Documents/TD_DATALAKE/DATALAKE/1_LANDING_ZONE/GLASSDOOR/SOC/13572-INFO-SOC-GLASSDOOR-E2098670_P1.html,Adsearch,Paris,De 51 à 200 employés, Inconnu, Inconnu,None
45,/home/anthony/Documents/TD_DATALAKE/DATALAKE/1_LANDING_ZONE/GLASSDOOR/SOC/13708-INFO-SOC-GLASSDOOR-E4252_P1.html,Groupe Crédit Agricole,Montrouge,De 5 001 à 10 000 employés, Investissements bancaires et gestion d'actifs, 1885,None
46,/home/anthony/Documents/TD_DATALAKE/DATALAKE/1_LANDING_ZONE/GLASSDOOR/SOC/13734-INFO-SOC-GLASSDOOR-E10358_P1.html,Thales,Nanterre,Plus de 10 000 employés, Aérospatiale et Défense, 2000,None
47,/home/anthony/Documents/TD_DATALAKE/DATALAKE/1_LANDING_ZONE/GLASSDOOR/SOC/13639-INFO-SOC-GLASSDOOR-E7448_P1.html,Altran Group,Paris,Plus de 10 000 employés, Services informatiques, 1991,None
48,/home/anthony/Documents/TD_DATALAKE/DATALAKE/1_LANDING_ZONE/GLASSDOOR/SOC/13706-INFO-SOC-GLASSDOOR-E19928_P1.html,Merial,"Harlow, Angleterre (Royaume-Uni)",De 1 001 à 5 000 employés, Fabrication de produits grand public, Inconnu,None
49,/home/anthony/Documents/TD_DATALAKE/DATALAKE/1_LANDING_ZONE/GLASSDOOR/SOC/13791-INFO-SOC-GLASSDOOR-E116383_P1.html,GFI,Moscou (Russie),De 51 à 200 employés, Jeux vidéo, Inconnu,None
50,/home/anthony/Documents/TD_DATALAKE/DATALAKE/1_LANDING_ZONE/GLASSDOOR/SOC/13649-INFO-SOC-GLASSDOOR-E2548_P1.html,Manpower,"Uxbridge, Angleterre (Royaume-Uni)",De 5 001 à 10 000 employés, Recrutement et sous-traitance, 1948,None
51,/home/anthony/Documents/TD_DATALAKE/DATALAKE/1_LANDING_ZONE/GLASSDOOR/SOC/13584-INFO-SOC-GLASSDOOR-E1044716_P1.html,Smile Group,Asnières-sur-Seine,De 1 001 à 5 000 employés, Services informatiques, 1991,None
52,/home/anthony/Documents/TD_DATALAKE/DATALAKE/1_LANDING_ZONE/GLASSDOOR/SOC/13554-INFO-SOC-GLASSDOOR-E855284_P1.html,Atos Medical,"New Berlin, WI (États-Unis)",De 51 à 200 employés, Fabrication de produits de soins de santé, 2000,None
53,/home/anthony/Documents/TD_DATALAKE/DATALAKE/1_LANDING_ZONE/GLASSDOOR/SOC/13741-INFO-SOC-GLASSDOOR-E1132227_P1.html,JEMS Group,Neuilly,Entre 201 et 500 employés, Services informatiques, 2002,None
54,/home/anthony/Documents/TD_DATALAKE/DATALAKE/1_LANDING_ZONE/GLASSDOOR/SOC/13790-INFO-SOC-GLASSDOOR-E9028_P1.html,Gfi Informatique,"Saint-Ouen, Île-de-France",Plus de 10 000 employés, Services informatiques, 1995,None
55,/home/anthony/Documents/TD_DATALAKE/DATALAKE/1_LANDING_ZONE/GLASSDOOR/SOC/13800-INFO-SOC-GLASSDOOR-E1443740_P1.html,ibis,Courcouronnes,Plus de 10 000 employés," Hôtels, motels et stations de tourisme", Inconnu,None
56,/home/anthony/Documents/TD_DATALAKE/DATALAKE/1_LANDING_ZONE/GLASSDOOR/SOC/13618-INFO-SOC-GLASSDOOR-E1136406_P1.html,SOTRAVO Filiale SOLOCAL GROUP,Montigny,Inconnu, Inconnu, Inconnu,None
57,/home/anthony/Documents/TD_DATALAKE/DATALAKE/1_LANDING_ZONE/GLASSDOOR/SOC/13767-INFO-SOC-GLASSDOOR-E1387356_P1.html,Openfield Live,Paris,De 1 à 50 employés, Inconnu, Inconnu,None
58,/home/anthony/Documents/TD_DATALAKE/DATALAKE/1_LANDING_ZONE/GLASSDOOR/SOC/13606-INFO-SOC-GLASSDOOR-E31197_P1.html,Volvo Construction Equipment,"Asheville, NC (États-Unis)",Entre 201 et 500 employés, Fabrication industrielle, 1985,None
59,/home/anthony/Documents/TD_DATALAKE/DATALAKE/1_LANDING_ZONE/GLASSDOOR/SOC/13714-INFO-SOC-GLASSDOOR-E10777_P1.html,Lectra,Paris,De 1 001 à 5 000 employés, Matériel et logiciels informatiques, 1973,None
60,/home/anthony/Documents/TD_DATALAKE/DATALAKE/1_LANDING_ZONE/GLASSDOOR/SOC/13792-INFO-SOC-GLASSDOOR-E33451_P1.html,GFI Software,"Austin, TX (États-Unis)",De 51 à 200 employés, Matériel et logiciels informatiques, 1992,None
61,/home/anthony/Documents/TD_DATALAKE/DATALAKE/1_LANDING_ZONE/GLASSDOOR/SOC/13693-INFO-SOC-GLASSDOOR-E762009_P1.html,Datadog,"New York, NY (États-Unis)",De 1 001 à 5 000 employés, Matériel et logiciels informatiques, 2010,None
62,/home/anthony/Documents/TD_DATALAKE/DATALAKE/1_LANDING_ZONE/GLASSDOOR/SOC/13570-INFO-SOC-GLASSDOOR-E1394648_P1.html,Abaka,Rennes,De 1 à 50 employés, Conseils, 2002,None
63,/home/anthony/Documents/TD_DATALAKE/DATALAKE/1_LANDING_ZONE/GLASSDOOR/SOC/13655-INFO-SOC-GLASSDOOR-E717393_P1.html,Canon ITS,"Chesapeake, VA (États-Unis)",Entre 201 et 500 employés, Comptabilité, Inconnu,None
64,/home/anthony/Documents/TD_DATALAKE/DATALAKE/1_LANDING_ZONE/GLASSDOOR/SOC/13607-INFO-SOC-GLASSDOOR-E301204_P1.html,Volvo Information Technology,De 1 001 à 5 000 employés, Inconnu, Services informatiques, Inconnu,None
65,/home/anthony/Documents/TD_DATALAKE/DATALAKE/1_LANDING_ZONE/GLASSDOOR/SOC/13809-INFO-SOC-GLASSDOOR-E413452_P1.html,Transdev,"Lombard, IL (États-Unis)",Plus de 10 000 employés, Gestion des transports, 2011,None
66,/home/anthony/Documents/TD_DATALAKE/DATALAKE/1_LANDING_ZONE/GLASSDOOR/SOC/13733-INFO-SOC-GLASSDOOR-E852040_P1.html,Yongzhi Plastic Electronics (Shenzhen) Co.,Hong Kong (Hong Kong),Entre 201 et 500 employés, Fabrication industrielle, 1993,None
67,/home/anthony/Documents/TD_DATALAKE/DATALAKE/1_LANDING_ZONE/GLASSDOOR/SOC/13633-INFO-SOC-GLASSDOOR-E672181_P1.html,Softeam,Paris,De 501 à 1 000 employés, Matériel et logiciels informatiques, Inconnu,None
68,/home/anthony/Documents/TD_DATALAKE/DATALAKE/1_LANDING_ZONE/GLASSDOOR/SOC/13678-INFO-SOC-GLASSDOOR-E379472_P1.html,Logware,Paris,Entre 201 et 500 employés, Conseils, 1997,None
69,/home/anthony/Documents/TD_DATALAKE/DATALAKE/1_LANDING_ZONE/GLASSDOOR/SOC/13621-INFO-SOC-GLASSDOOR-E1178969_P1.html,Morgan Philips Group,Luxembourg (Luxembourg),De 51 à 200 employés, Inconnu, Inconnu,None
70,/home/anthony/Documents/TD_DATALAKE/DATALAKE/1_LANDING_ZONE/GLASSDOOR/SOC/13761-INFO-SOC-GLASSDOOR-E1366034_P1.html,Artefact,Paris,De 501 à 1 000 employés, Conseils, Inconnu,None
71,/home/anthony/Documents/TD_DATALAKE/DATALAKE/1_LANDING_ZONE/GLASSDOOR/SOC/13627-INFO-SOC-GLASSDOOR-E253618_P1.html,Concordia University,"Montréal, QC (Canada)",De 5 001 à 10 000 employés, Enseignement supérieur et universités, Inconnu,None
72,/home/anthony/Documents/TD_DATALAKE/DATALAKE/1_LANDING_ZONE/GLASSDOOR/SOC/13630-INFO-SOC-GLASSDOOR-E456207_P1.html,Eidos Montreal,"Montréal, QC (Canada)",Entre 201 et 500 employés, Jeux vidéo, Inconnu,None
73,/home/anthony/Documents/TD_DATALAKE/DATALAKE/1_LANDING_ZONE/GLASSDOOR/SOC/13772-INFO-SOC-GLASSDOOR-E3974_P1.html,SKF,Gothenburg (Suède),Plus de 10 000 employés, Fabrication industrielle, 1907,None
74,/home/anthony/Documents/TD_DATALAKE/DATALAKE/1_LANDING_ZONE/GLASSDOOR/SOC/13596-INFO-SOC-GLASSDOOR-E111193_P1.html,Lacoste,Paris,De 5 001 à 10 000 employés," Magasins de chaussures, de vêtements et grands magasins", 1933,None
75,/home/anthony/Documents/TD_DATALAKE/DATALAKE/1_LANDING_ZONE/GLASSDOOR/SOC/13587-INFO-SOC-GLASSDOOR-E1838_P1.html,Robert Half,"Menlo Park, CA (États-Unis)",Plus de 10 000 employés, Recrutement et sous-traitance, 1948,None
76,/home/anthony/Documents/TD_DATALAKE/DATALAKE/1_LANDING_ZONE/GLASSDOOR/SOC/13705-INFO-SOC-GLASSDOOR-E2762239_P1.html,Sanofi Pasteur,Inconnu, Inconnu, Inconnu, Inconnu,None
77,/home/anthony/Documents/TD_DATALAKE/DATALAKE/1_LANDING_ZONE/GLASSDOOR/SOC/13704-INFO-SOC-GLASSDOOR-E9347_P1.html,Sanofi,Paris,Plus de 10 000 employés, Biotechnologies et pharmaceutique, 1973,None
78,/home/anthony/Documents/TD_DATALAKE/DATALAKE/1_LANDING_ZONE/GLASSDOOR/SOC/13764-INFO-SOC-GLASSDOOR-E1164584_P1.html,Artefacts Studio,Villeurbanne,De 1 à 50 employés, Inconnu, 2003,None
79,/home/anthony/Documents/TD_DATALAKE/DATALAKE/1_LANDING_ZONE/GLASSDOOR/SOC/13661-INFO-SOC-GLASSDOOR-E633820_P1.html,Sii Poland,Varsovie (Pologne),De 1 001 à 5 000 employés, Services informatiques, 2006,None
80,/home/anthony/Documents/TD_DATALAKE/DATALAKE/1_LANDING_ZONE/GLASSDOOR/SOC/13778-INFO-SOC-GLASSDOOR-E9028_P1.html,Gfi Informatique,"Saint-Ouen, Île-de-France",Plus de 10 000 employés, Services informatiques, 1995,None
81,/home/anthony/Documents/TD_DATALAKE/DATALAKE/1_LANDING_ZONE/GLASSDOOR/SOC/13646-INFO-SOC-GLASSDOOR-E3489_P1.html,LVMH,Paris,Plus de 10 000 employés, Autres magasins de détail, 1987,None
82,/home/anthony/Documents/TD_DATALAKE/DATALAKE/1_LANDING_ZONE/GLASSDOOR/SOC/13796-INFO-SOC-GLASSDOOR-E3054_P1.html,Accor,Paris,Plus de 10 000 employés," Hôtels, motels et stations de tourisme", 1967,None
83,/home/anthony/Documents/TD_DATALAKE/DATALAKE/1_LANDING_ZONE/GLASSDOOR/SOC/13769-INFO-SOC-GLASSDOOR-E658429_P1.html,Phaidon International,"Londres, Angleterre (Royaume-Uni)",De 501 à 1 000 employés, Recrutement et sous-traitance, 2004,None
84,/home/anthony/Documents/TD_DATALAKE/DATALAKE/1_LANDING_ZONE/GLASSDOOR/SOC/13552-INFO-SOC-GLASSDOOR-E2131167_P1.html,Atos Consulting,Nyon (Suisse),De 1 001 à 5 000 employés, Inconnu, Inconnu,None
85,/home/anthony/Documents/TD_DATALAKE/DATALAKE/1_LANDING_ZONE/GLASSDOOR/SOC/13645-INFO-SOC-GLASSDOOR-E14590_P1.html,Sephora,"San Francisco, CA (États-Unis)",Plus de 10 000 employés, Salons de beauté et magasins d'accessoires, 1969,None
86,/home/anthony/Documents/TD_DATALAKE/DATALAKE/1_LANDING_ZONE/GLASSDOOR/SOC/13805-INFO-SOC-GLASSDOOR-E846722_P1.html,OTV,"Saint-Maurice, Alsace",Plus de 10 000 employés, Services publics de distribution, 1980,None
87,/home/anthony/Documents/TD_DATALAKE/DATALAKE/1_LANDING_ZONE/GLASSDOOR/SOC/13598-INFO-SOC-GLASSDOOR-E1363502_P1.html,Lacoste Traiteur,Eysines,De 51 à 200 employés, Inconnu, Inconnu,None
88,/home/anthony/Documents/TD_DATALAKE/DATALAKE/1_LANDING_ZONE/GLASSDOOR/SOC/13717-INFO-SOC-GLASSDOOR-E1187250_P1.html,Sopra Steria Recruitment,"Reading, Angleterre (Royaume-Uni)",De 51 à 200 employés, Recrutement et sous-traitance, 1979,None
89,/home/anthony/Documents/TD_DATALAKE/DATALAKE/1_LANDING_ZONE/GLASSDOOR/SOC/13624-INFO-SOC-GLASSDOOR-E397805_P1.html,STM,"Montréal, QC (Canada)",De 5 001 à 10 000 employés, Secteur ferroviaire, 1861,None
90,/home/anthony/Documents/TD_DATALAKE/DATALAKE/1_LANDING_ZONE/GLASSDOOR/SOC/13562-INFO-SOC-GLASSDOOR-E1303620_P1.html,2S2I Solutions & Services,Montpellier,De 51 à 200 employés, Services informatiques, 2007,None
91,/home/anthony/Documents/TD_DATALAKE/DATALAKE/1_LANDING_ZONE/GLASSDOOR/SOC/13689-INFO-SOC-GLASSDOOR-E2098670_P1.html,Adsearch,Paris,De 51 à 200 employés, Inconnu, Inconnu,None
92,/home/anthony/Documents/TD_DATALAKE/DATALAKE/1_LANDING_ZONE/GLASSDOOR/SOC/13729-INFO-SOC-GLASSDOOR-E234791_P1.html,Astek Group,"Altrincham, Angleterre (Royaume-Uni)",De 1 à 50 employés, Fabrication de produits de soins de santé, Inconnu,None
93,/home/anthony/Documents/TD_DATALAKE/DATALAKE/1_LANDING_ZONE/GLASSDOOR/SOC/13724-INFO-SOC-GLASSDOOR-E1126011_P1.html,alptis assurances,Lyon,Entre 201 et 500 employés, Inconnu, 1976,None
94,/home/anthony/Documents/TD_DATALAKE/DATALAKE/1_LANDING_ZONE/GLASSDOOR/SOC/13628-INFO-SOC-GLASSDOOR-E235643_P1.html,University of Montreal,"Montréal, QC (Canada)",De 5 001 à 10 000 employés, Enseignement supérieur et universités, Inconnu,None
95,/home/anthony/Documents/TD_DATALAKE/DATALAKE/1_LANDING_ZONE/GLASSDOOR/SOC/13758-INFO-SOC-GLASSDOOR-E5694_P1.html,OpenText,"Waterloo, ON (Canada)",Plus de 10 000 employés, Solutions logicielles et réseau d'entreprise, 1992,None
96,/home/anthony/Documents/TD_DATALAKE/DATALAKE/1_LANDING_ZONE/GLASSDOOR/SOC/13564-INFO-SOC-GLASSDOOR-E4245_P1.html,Bayer,Leverkusen (Allemagne),Plus de 10 000 employés, Biotechnologies et pharmaceutique, 1863,None
97,/home/anthony/Documents/TD_DATALAKE/DATALAKE/1_LANDING_ZONE/GLASSDOOR/SOC/13546-INFO-SOC-GLASSDOOR-E12966_P1.html,Devoteam,Levallois-Perret,De 1 001 à 5 000 employés, Services informatiques, 1995,None
98,/home/anthony/Documents/TD_DATALAKE/DATALAKE/1_LANDING_ZONE/GLASSDOOR/SOC/13702-INFO-SOC-GLASSDOOR-E1159854_P1.html,Kendo,"San Francisco, CA (États-Unis)",Entre 201 et 500 employés, Salons de beauté et magasins d'accessoires, Inconnu,None
99,/home/anthony/Documents/TD_DATALAKE/DATALAKE/1_LANDING_ZONE/GLASSDOOR/SOC/13722-INFO-SOC-GLASSDOOR-E1256638_P1.html,Group Adaming,Paris,De 501 à 1 000 employés, Services informatiques, 2010,None
100,/home/anthony/Documents/TD_DATALAKE/DATALAKE/1_LANDING_ZONE/GLASSDOOR/SOC/13713-INFO-SOC-GLASSDOOR-E3142186_P1.html,Crédit Agricole,Paris,Inconnu, Inconnu, Inconnu,None
101,/home/anthony/Documents/TD_DATALAKE/DATALAKE/1_LANDING_ZONE/GLASSDOOR/SOC/13653-INFO-SOC-GLASSDOOR-E454220_P1.html,Loria,Vandoeuvre,De 501 à 1 000 employés, Recherche et développement, Inconnu,None
102,/home/anthony/Documents/TD_DATALAKE/DATALAKE/1_LANDING_ZONE/GLASSDOOR/SOC/13647-INFO-SOC-GLASSDOOR-E241449_P1.html,Statkraft AS,Oslo (Norvège),Entre 201 et 500 employés, Services publics de distribution, Inconnu,None
103,/home/anthony/Documents/TD_DATALAKE/DATALAKE/1_LANDING_ZONE/GLASSDOOR/SOC/13676-INFO-SOC-GLASSDOOR-E1130981_P1.html,Groupe Altice Média,Paris,De 501 à 1 000 employés, Inconnu, Inconnu,None
104,/home/anthony/Documents/TD_DATALAKE/DATALAKE/1_LANDING_ZONE/GLASSDOOR/SOC/13783-INFO-SOC-GLASSDOOR-E231247_P1.html,ACCEO Solutions,"Montréal, QC (Canada)",De 501 à 1 000 employés, Solutions logicielles et réseau d'entreprise, 1988,None
105,/home/anthony/Documents/TD_DATALAKE/DATALAKE/1_LANDING_ZONE/GLASSDOOR/SOC/13728-INFO-SOC-GLASSDOOR-E200717_P1.html,Astek,Paris,De 1 001 à 5 000 employés, Services informatiques, 1988,None
106,/home/anthony/Documents/TD_DATALAKE/DATALAKE/1_LANDING_ZONE/GLASSDOOR/SOC/13650-INFO-SOC-GLASSDOOR-E809243_P1.html,ITS,"Burnaby, BC (Canada)",De 1 à 50 employés, Biotechnologies et pharmaceutique, 2008,None
107,/home/anthony/Documents/TD_DATALAKE/DATALAKE/1_LANDING_ZONE/GLASSDOOR/SOC/13701-INFO-SOC-GLASSDOOR-E1132974_P1.html,Les Echos,Paris,Entre 201 et 500 employés, Édition, 1908,None
108,/home/anthony/Documents/TD_DATALAKE/DATALAKE/1_LANDING_ZONE/GLASSDOOR/SOC/13636-INFO-SOC-GLASSDOOR-E1303620_P1.html,2S2I Solutions & Services,Montpellier,De 51 à 200 employés, Services informatiques, 2007,None
109,/home/anthony/Documents/TD_DATALAKE/DATALAKE/1_LANDING_ZONE/GLASSDOOR/SOC/13634-INFO-SOC-GLASSDOOR-E7633_P1.html,NVIDIA,"Santa Clara, CA (États-Unis)",Plus de 10 000 employés, Matériel et logiciels informatiques, 1993,None
110,/home/anthony/Documents/TD_DATALAKE/DATALAKE/1_LANDING_ZONE/GLASSDOOR/SOC/13673-INFO-SOC-GLASSDOOR-E1464013_P1.html,Paris Inn Group,Paris,De 501 à 1 000 employés, Inconnu, Inconnu,None
111,/home/anthony/Documents/TD_DATALAKE/DATALAKE/1_LANDING_ZONE/GLASSDOOR/SOC/13660-INFO-SOC-GLASSDOOR-E26056_P1.html,Groupe SII,Paris,De 1 001 à 5 000 employés, Services informatiques, 1979,None
112,/home/anthony/Documents/TD_DATALAKE/DATALAKE/1_LANDING_ZONE/GLASSDOOR/SOC/13625-INFO-SOC-GLASSDOOR-E192082_P1.html,Polytechnique Montréal,"Montréal, QC (Canada)",De 1 001 à 5 000 employés, Enseignement supérieur et universités, 1873,None
113,/home/anthony/Documents/TD_DATALAKE/DATALAKE/1_LANDING_ZONE/GLASSDOOR/SOC/13586-INFO-SOC-GLASSDOOR-E649071_P1.html,Groupe Creative,Rennes,Entre 201 et 500 employés, Services d'architecture et d'ingénierie, 2009,None
114,/home/anthony/Documents/TD_DATALAKE/DATALAKE/1_LANDING_ZONE/GLASSDOOR/SOC/13604-INFO-SOC-GLASSDOOR-E37990_P1.html,Volvo Cars,Gothenburg (Suède),Plus de 10 000 employés, Fabrication industrielle, 1927,None
115,/home/anthony/Documents/TD_DATALAKE/DATALAKE/1_LANDING_ZONE/GLASSDOOR/SOC/13802-INFO-SOC-GLASSDOOR-E3127620_P1.html,LA REDOUTE,Roubaix,Inconnu, Inconnu, Inconnu,None
116,/home/anthony/Documents/TD_DATALAKE/DATALAKE/1_LANDING_ZONE/GLASSDOOR/SOC/13718-INFO-SOC-GLASSDOOR-E1881876_P1.html,CITECH,Paris,De 51 à 200 employés, Services informatiques, 2013,None
117,/home/anthony/Documents/TD_DATALAKE/DATALAKE/1_LANDING_ZONE/GLASSDOOR/SOC/13623-INFO-SOC-GLASSDOOR-E1146056_P1.html,Montreal Associates,"Londres, Angleterre (Royaume-Uni)",De 51 à 200 employés, Recrutement et sous-traitance, 1978,None
118,/home/anthony/Documents/TD_DATALAKE/DATALAKE/1_LANDING_ZONE/GLASSDOOR/SOC/13574-INFO-SOC-GLASSDOOR-E1130973_P1.html,Groupe Adéquat,Lyon,De 501 à 1 000 employés, Recrutement et sous-traitance, 1987,None
119,/home/anthony/Documents/TD_DATALAKE/DATALAKE/1_LANDING_ZONE/GLASSDOOR/SOC/13652-INFO-SOC-GLASSDOOR-E788645_P1.html,ITS Group,Boulogne-Billancourt,De 1 001 à 5 000 employés, Services informatiques, 1997,None
120,/home/anthony/Documents/TD_DATALAKE/DATALAKE/1_LANDING_ZONE/GLASSDOOR/SOC/13710-INFO-SOC-GLASSDOOR-E476908_P1.html,CACIB,Paris,De 5 001 à 10 000 employés, Investissements bancaires et gestion d'actifs, 1994,None
121,/home/anthony/Documents/TD_DATALAKE/DATALAKE/1_LANDING_ZONE/GLASSDOOR/SOC/13755-INFO-SOC-GLASSDOOR-E1762947_P1.html,Open Minds Open Hearts Day Care,"New Orleans, LA (États-Unis)",De 1 à 50 employés, Inconnu, Inconnu,None
122,/home/anthony/Documents/TD_DATALAKE/DATALAKE/1_LANDING_ZONE/GLASSDOOR/SOC/13668-INFO-SOC-GLASSDOOR-E1127933_P1.html,cerema,"Bron, Rhône-Alpes",De 1 001 à 5 000 employés, Inconnu, 2014,None
123,/home/anthony/Documents/TD_DATALAKE/DATALAKE/1_LANDING_ZONE/GLASSDOOR/SOC/13699-INFO-SOC-GLASSDOOR-E3489_P1.html,LVMH,Paris,Plus de 10 000 employés, Autres magasins de détail, 1987,None
124,/home/anthony/Documents/TD_DATALAKE/DATALAKE/1_LANDING_ZONE/GLASSDOOR/SOC/13559-INFO-SOC-GLASSDOOR-E13824_P1.html,SolidWorks,"Waltham, MA (États-Unis)",De 501 à 1 000 employés, Matériel et logiciels informatiques, 1993,None
125,/home/anthony/Documents/TD_DATALAKE/DATALAKE/1_LANDING_ZONE/GLASSDOOR/SOC/13643-INFO-SOC-GLASSDOOR-E2411165_P1.html,Altran Telnet,Entre 201 et 500 employés, Inconnu, Inconnu, Inconnu,None
126,/home/anthony/Documents/TD_DATALAKE/DATALAKE/1_LANDING_ZONE/GLASSDOOR/SOC/13771-INFO-SOC-GLASSDOOR-E1125581_P1.html,Adthink-Media,Tassin,De 51 à 200 employés, Inconnu, 2001,None
127,/home/anthony/Documents/TD_DATALAKE/DATALAKE/1_LANDING_ZONE/GLASSDOOR/SOC/13576-INFO-SOC-GLASSDOOR-E18712_P1.html,Modis,Zurich (Suisse),De 5 001 à 10 000 employés, Recrutement et sous-traitance, 1994,None
128,/home/anthony/Documents/TD_DATALAKE/DATALAKE/1_LANDING_ZONE/GLASSDOOR/SOC/13677-INFO-SOC-GLASSDOOR-E1063459_P1.html,CALIDA Group,Sursee (Suisse),Inconnu, Inconnu, 1941,None
129,/home/anthony/Documents/TD_DATALAKE/DATALAKE/1_LANDING_ZONE/GLASSDOOR/SOC/13617-INFO-SOC-GLASSDOOR-E139323_P1.html,CNH Industrial Capital,"Racine, WI (États-Unis)",Entre 201 et 500 employés, Prêt, Inconnu,None
130,/home/anthony/Documents/TD_DATALAKE/DATALAKE/1_LANDING_ZONE/GLASSDOOR/SOC/13550-INFO-SOC-GLASSDOOR-E10686_P1.html,Atos,Bezons,Plus de 10 000 employés, Services informatiques, 1919,None
131,/home/anthony/Documents/TD_DATALAKE/DATALAKE/1_LANDING_ZONE/GLASSDOOR/SOC/13571-INFO-SOC-GLASSDOOR-E1061225_P1.html,Expertime,Viroflay,De 51 à 200 employés, Services informatiques, 2003,None
132,/home/anthony/Documents/TD_DATALAKE/DATALAKE/1_LANDING_ZONE/GLASSDOOR/SOC/13736-INFO-SOC-GLASSDOOR-E410527_P1.html,Thales-Raytheon Systems,"Fullerton, CA (États-Unis)",De 501 à 1 000 employés, Gestion des transports, 2001,None
133,/home/anthony/Documents/TD_DATALAKE/DATALAKE/1_LANDING_ZONE/GLASSDOOR/SOC/13725-INFO-SOC-GLASSDOOR-E10842_P1.html,Plastic Omnium,Plus de 10 000 employés, 1946, Fabrication d'équipement de transport, 1946,None
134,/home/anthony/Documents/TD_DATALAKE/DATALAKE/1_LANDING_ZONE/GLASSDOOR/SOC/13777-INFO-SOC-GLASSDOOR-E116383_P1.html,GFI,Moscou (Russie),De 51 à 200 employés, Jeux vidéo, Inconnu,None
135,/home/anthony/Documents/TD_DATALAKE/DATALAKE/1_LANDING_ZONE/GLASSDOOR/SOC/13551-INFO-SOC-GLASSDOOR-E794111_P1.html,Atos,Sesto Calende (Italie),Entre 201 et 500 employés, Fabrication d'appareils électriques et électroniques, Inconnu,None
136,/home/anthony/Documents/TD_DATALAKE/DATALAKE/1_LANDING_ZONE/GLASSDOOR/SOC/13575-INFO-SOC-GLASSDOOR-E1922609_P1.html,Multimedia France Productions,Paris,De 51 à 200 employés, Inconnu, Inconnu,None
137,/home/anthony/Documents/TD_DATALAKE/DATALAKE/1_LANDING_ZONE/GLASSDOOR/SOC/13640-INFO-SOC-GLASSDOOR-E427636_P1.html,Altran Engineering Solution,Nice,De 501 à 1 000 employés, Fabrication industrielle, 2006,None
138,/home/anthony/Documents/TD_DATALAKE/DATALAKE/1_LANDING_ZONE/GLASSDOOR/SOC/13709-INFO-SOC-GLASSDOOR-E1365869_P1.html,Groupe Crédit Agricole du Maroc,Rabat (Maroc),De 501 à 1 000 employés, Banques et organismes de crédit, Inconnu,None
139,/home/anthony/Documents/TD_DATALAKE/DATALAKE/1_LANDING_ZONE/GLASSDOOR/SOC/13723-INFO-SOC-GLASSDOOR-E373493_P1.html,Micropole,Levallois-Perret,De 1 001 à 5 000 employés, Conseils, 1987,None
140,/home/anthony/Documents/TD_DATALAKE/DATALAKE/1_LANDING_ZONE/GLASSDOOR/SOC/13648-INFO-SOC-GLASSDOOR-E1137726_P1.html,Sparklane,Paris,De 1 à 50 employés, Solutions logicielles et réseau d'entreprise, 2009,None
